2025_hs4,year,hs,brief_description,mfn_ad_val_rate,mfn_specific_rate,unit_1,unit_2,quantity_1_code,quantity_2_code,description_1,duty_1,description_2,duty_2,description_3,duty_3,description_4,duty_4,country_1,country_duty_1,country_2,country_duty_2,country_3,country_duty_3,country_desc,country_codes,mfn_other_rate,mfn_rate_type_code,index
9110,1932,9550 750,"Clocks and clock movements, and clock parts (including watch movements 1.77 inches or more wide): Parts of clocks and clock movements: Valued more than $5, not more than $10 each: Pillar or bottom plates: Other clocks and clock movements    ",0.325,150,,,NA,NA,NA,$1.50 ea + 32.5%,NA,NA,NA,NA,NA,NA,NA,NA,NA,NA,NA,NA,NA,NA,NA,NA,24315
2204,1792,,"Madeira, of the quality of London market",0,49,per gallon,,,,,49 cents,,,,,,,,,,,,,,,NA,,142
708,1930,1193 000,Cowpeas: Black-eye: Green or unripe    ,0,3.5,lb,,NA,NA,NA,3.5¢ lb,NA,NA,NA,NA,NA,NA,NA,NA,NA,NA,NA,NA,NA,NA,NA,NA,10394
7116,1933,5957 200,"Imitation pearls: Solid pearls, n.e.s.: Valued not more than 0.25 cent per inch    ",0.6,0,,,NA,NA,NA,60%,NA,NA,NA,NA,NA,NA,NA,NA,NA,NA,NA,NA,NA,NA,NA,NA,27892
7409,1861,,"Copper, when imported for the United States Mint",0,0,,,,,Free,0,,,,,,,,,,,,,,,NA,,1553
6403,1931,0355 200,"Boots, shoes, or other footwear (including athletic or sporting boots and shoes) made wholly or in chief value of leather, n.s.p.f.: Boots, shoes or other footwear, n.e.s.: Infants' and children's: Welt    ",0,0,,,NA,NA,NA,NA,NA,NA,NA,NA,NA,NA,NA,NA,NA,NA,NA,NA,NA,NA,NA,NA,15147
7203,1933,6021 520,Bar iron: Galvanized or coated with metal (Indicate by using 2 as the sixth figure of the commodity number)    ,0,0.2,lb additional,,NA,NA,NA,0.2¢ lb additional,NA,NA,NA,NA,NA,NA,NA,NA,NA,NA,NA,NA,NA,NA,NA,NA,27947
6814,1931,5564 000,"Other nonmetallic minerals and manufactures of, n.e.s.: Mica: Manufactured: Mica plates and built-up mica    ",0.4,0,,,NA,NA,NA,40%,NA,NA,NA,NA,NA,NA,NA,NA,NA,NA,NA,NA,NA,NA,NA,NA,17630
4816,1933,4799 490,"Wet transfer paper, containing imprint taken from lithographic plates or stones    ",0.65,0,,,NA,NA,NA,65%,NA,NA,NA,NA,NA,NA,NA,NA,NA,NA,NA,NA,NA,NA,NA,NA,27446
6914,1933,9030 100,"Dry plates, n.s.p.f.    ",0.2,0,,,NA,NA,NA,20%,NA,NA,NA,NA,NA,NA,NA,NA,NA,NA,NA,NA,NA,NA,NA,NA,29207
7224,1934,NA,"Dutiable excess of alloys: All steel or iron in the materials and articles described in paragraphs 303, 304, 307, 308, 312, 313, 315, 316, 317, 318, 319, 322, 323, 324, 327, and 328 (of the Tariff Act of 1930) containing more than 0.1 percent of vanadium, or more than 0.2 percent of tungsten, molybdenum, or chromium, or more than 0.6 percent of nickel, cobalt, or any metallic element used in alloying steel or iron, subject to 8 percent additional duty under paragraph 305 (Indicate by 4 as the seventh figure of the regular commodity number affected) (formerly indicated by 4, 6, or 8 as the seventh figure of the commodity number, dependent upon the value per pound)    ",0.08,0,,,NA,NA,NA,8% additional,NA,NA,NA,NA,NA,NA,NA,NA,NA,NA,NA,NA,NA,NA,NA,NA,33351
2837,1894,,"Prussiate of, red, or yellow",0.25,0,per centum ad val,,,,Schedule A,25%,,,,,,,,,,,,,,,NA,,2643
6703,1933,3693 000,"Human hair: Manufactures: Tops, roving, and yarns    ",0.25,6,lb ,,NA,NA,NA,6¢ lb + 25%,NA,NA,NA,NA,NA,NA,NA,NA,NA,NA,NA,NA,NA,NA,NA,NA,26991
5603,1930,,"Pile fabrics (including pile ribbons), whether or not the pile covers the entire surface, wholly or in chief value of silk, and all articles, finished or unfinished, made or cut from such pile fabrics: (1) If the pile is wholly cut or wholly uncut, if other than velvets",0.6,0,per centum ad val,,,,Schedule 12,60%,,,,,,,,,,,,,,,NA,,9093
1515,1930,2257 300,Expressed or extracted oils and fats: Croton oil    ,0,0,,,NA,NA,NA,Free,NA,NA,NA,NA,NA,NA,NA,NA,NA,NA,NA,NA,NA,NA,NA,NA,10922
5911,1930,,"hair press cloth, not specially provided for",0.4,0,per centum ad val,,,,Schedule 15,40%,,,,,,,,,,,,,,,NA,,9326
8203,1930,6150 460,"Tools: Other pliers, pincers, and nippers: Valued not over $2 per dozen    ",0.6,60,doz ,,NA,NA,NA,60¢ doz + 60%,NA,NA,NA,NA,NA,NA,NA,NA,NA,NA,NA,NA,NA,NA,NA,NA,12844
4203,1931,0500 122,Gloves wholly or in chief value of leather: Men's gloves: Not over 12 inches in length: Not lined: Hand seamed    ,0,91.666,pair,,NA,NA,NA,91.666¢ pair,NA,NA,NA,NA,NA,NA,NA,NA,NA,NA,NA,NA,NA,NA,NA,NA,15208
1902,1930,1077 100,"Macaroni, vermicelli, noodles, and similar alimentary pastes: Containing eggs or egg products    ",0,3,lb,,NA,NA,NA,3¢ lb,NA,NA,NA,NA,NA,NA,NA,NA,NA,NA,NA,NA,NA,NA,NA,NA,10356
3702,1934,9019 800,"Photographic films and motion-pictures: Motion-picture film, sensitized, but not exposed or developed (raw film): (Reduce all widths except films measuring less than 1 inch in width to equivalent linear feet of standard width of 1.375 inches) 1 inch or more in width: Negative film    ",0,0.4,lin ft,,NA,NA,NA,0.4¢ lin ft,NA,NA,NA,NA,NA,NA,NA,NA,NA,NA,NA,NA,NA,NA,NA,NA,34308
2909,1846,,ether,0.2,0,per centum ad val,,,,Schedule E,20%,,,,,,,,,,,,,,,NA,,715
9108,1934,9560 140,"Watches and watch movements, and timekeeping, measuring, or indicating mechanisms, devices, and instruments, whether or not designed to be worn or carried on or about the person, less than 1.77 inches wide, whether or not in cases, etc., with or without dials: (Specify ligne size) (A ligne = 0.088814 inch) Having more than 1, but not more than 7 jewels: More than 0.8, not more than 0.9 inch wide    ",0,200,,,NA,NA,NA,$2 ea,NA,NA,NA,NA,NA,NA,NA,NA,NA,NA,NA,NA,NA,NA,NA,NA,34560
8215,1930,6120 230,"Cutlery: Blades, handles, or other parts: Valued over $3, not over $6 per dozen    ",0.5,25,ea ,,NA,NA,NA,25¢ ea + 50%,NA,NA,NA,NA,NA,NA,NA,NA,NA,NA,NA,NA,NA,NA,NA,NA,12810
5603,1932,3050 086,"Cotton cloth: Bleached: Not containing silk, rayon, or other synthetic textile: Not woven with 8 or more harnesses, etc., nor with 2 or more colors or kinds of filling: Containing yarns, average number: Not exceeding: No. 86 (specify exact yarn number) Switzerland rate: This rate applies to cloth containing yarns exceeding No. 48 thru the highest yarn number, woven with swivel attachments [not applicable to cloth containing yarns No. 41 through 48 in view of the reduction in Tariff rate-par. 904 (d)-under the U. K. Trade Agreement (T.D. 49753) ]; to cloth, weighing less than 133 ounces per square yard (9.6 square yards or more to the pound) and containing yarns exceeding No. 85 thru the highest yarn number, not woven with swivel attachments. (T.D. 49795.) U. K. rate: Basic ad valorem rate is 10% and in addition thereto, for each number, 0.25% ad valorem not esceeding No. 60, if valued at more than 80 cents per pound; or exceeding No. 60, but not exceeding No. 90; if valued at more than $1.20 per pound; 36% ad valorem if exceeding No. 90. These rates shall not be applied to any bleached cotton cloth of a class or kind on which import duties have been reduced or bound against increase by any previous trade agreement. General Agreement rate: Basic ad valorem rate is 10% and in addition thereto, for each number. 0.25% ad valorem not exceeding No. 60, if valued at more than 80 cents per pound; or exceeds No. 60 but does not exceed No. 80, if valued at more than $1.20 per pound; 30% ad valorem if exceeding No. 80 but does not exceed No. 90, if valued at more than $1.20 per pound; or exceeds No. 90, regardless of value. ",0.431,0,,,NA,NA,NA,43.1%,NA,NA,NA,NA,NA,NA,NA,NA,NA,NA,NA,NA,NA,NA,NA,NA,21446
2816,1883,,"Strontia, oxide of, and proto-oxide of strontian, and strontianite, or mineral carbonate of strontia",0,0,,,,,Free,0,,,,,,,,,,,,,,,NA,,2376
8002,1933,6551 500,Tin: Metallic scrap (except alloyed scrap)    ,0,0,,,NA,NA,NA,NA,NA,NA,NA,NA,NA,NA,NA,NA,NA,NA,NA,NA,NA,NA,NA,NA,28409
1515,1931,2253 000,"Expressed or extracted oils and fats: Rapeseed (colza) oil, n.e.s. (not denatured)    ",0,6,gal +,,NA,NA,NA,6¢ gal +,NA,NA,NA,NA,NA,NA,NA,NA,NA,NA,NA,NA,NA,NA,NA,NA,16024
7013,1934,5275 000,"Glassware: Blown or partly blown in the mold or otherwise, or colored, cut, engraved, pressed, etc., n.e.s.: Bulbs, for electric lamps, without filaments    ",0.2,0,,,NA,NA,NA,20%,NA,NA,NA,NA,NA,NA,NA,NA,NA,NA,NA,NA,NA,NA,NA,NA,35100
7326,1931,6098 000,Wire and manufactures: Wire rope    ,0.35,0,,,NA,NA,NA,35%,NA,NA,NA,NA,NA,NA,NA,NA,NA,NA,NA,NA,NA,NA,NA,NA,17842
8203,1883,,"Files, file blanks, rasps, and floats of all cuts and kinds",0,75,per dozen,,,,Schedule C: over four inches in length and under nine inches,75 cents,,,,,,,,,,,,,,,NA,,1863
2710,1934,5054 700,"Refined oils: Gasoline, under 100 octane, and other motor fuel    ",0,0,,,NA,NA,NA,NA,NA,NA,NA,NA,NA,NA,NA,NA,NA,NA,NA,NA,NA,NA,NA,NA,35044
1702,1931,1610 960,"Cane sugar testing by the polariscope, not above (T.D. 47040): 96°    ",0,0,,,NA,NA,NA,NA,NA,NA,NA,NA,NA,NA,NA,NA,NA,NA,NA,NA,NA,NA,NA,NA,15788
7315,1922,,"Chain and chains of all kinds, made of iron or steel, less than five-sixteenths of one inch in diameter",0,4,per pound,,,,Schedule 3,4 cents,,,,,,,,,,,,,,,NA,,6490
903,1933,1770 900,"Yerba maté, advanced in value or condition (Paraguay tea)    ",0.1,0,,,NA,NA,NA,10%,NA,NA,NA,NA,NA,NA,NA,NA,NA,NA,NA,NA,NA,NA,NA,NA,26086
5211,1931,4799 450,"Jacquard designs and parts on ruled paper, or cut on Jacquard cards    ",0.35,0,,,NA,NA,NA,35%,NA,NA,NA,NA,NA,NA,NA,NA,NA,NA,NA,NA,NA,NA,NA,NA,17226
7310,1913,,"steel boxes, casks, barrels, carboys, bags, and other containers or coverings of American manufacture exported filled with American products or exported empty and returned filled with foreign products, including shooks and staves when returned as barrels or boxes",0,0,,,,,Free,,,,,,,,,,,,,,,,NA,,5607
9702,1930,9040 400,"Photographic, blue and brown print, and similar papers: Sensitized paper to be used in photography    ",0.3,0,,,NA,NA,NA,30%,NA,NA,NA,NA,NA,NA,NA,NA,NA,NA,NA,NA,NA,NA,NA,NA,13888
9114,1933,9570 000,"Watch parts: Assemblies or subassemblies: Pillar or bottom plates, for movements or their equivalents: Without jewels, or having only 1 jewel: More than 1.5, less than 1.77 inches wide    ",0,37.5,ea,,NA,NA,NA,37.5¢ ea,NA,NA,NA,NA,NA,NA,NA,NA,NA,NA,NA,NA,NA,NA,NA,NA,29485
5205,1934,3010 080,"Cotton yarn (including warps): Not bleached, dyed, colored, combed, or plied: No. 80 (specify exact yarn number)    ",0.29,0,,,NA,NA,NA,29%,NA,NA,NA,NA,NA,NA,NA,NA,NA,NA,NA,NA,NA,NA,NA,NA,31580
8102,1930,6790 610,"Manufactures of metals, n.e.s.: Forms containing over 50 percent of tungsten, tungsten carbide, molybdenum, molybdenum carbide, or combinations, n.s.p.f.: Sheets, wire, or other forms, n.s.p.f.: (FN1) Molybdenum or molybdenum carbide All articles dutiable under par. 316 are taxable at 4 cents per pound on the copper contained therein under Sec. 3425 Internal Revenue Code. (Indicate by 5 as the seventh figure of the commodity number, and report copper content, quantity only). I.R.C. import tax suspended on and after April 30, 1947 and until July 1, 1950 and from April 1, 1951 to June 30, 1954, by Public Law 42 (80th Congress) (T.D. 51670) and Public Law 33 (81st Congress) (T.D. 52189) and Public Law 38 (82nd Congress) (T.D. 52740) and Public Law 4 (83rd Congress) (T.D. 53204). Statistics on copper content of imports on and after April 30, 1947 to July 1, 1950, and from April 1, 1951 to June 30, 1954, discontinued.   ",0.6,0,,,NA,NA,NA,60%,NA,NA,NA,NA,NA,NA,NA,NA,NA,NA,NA,NA,NA,NA,NA,NA,13158
5208,1894,,"Cotton cloth, dyed, colored, stained, painted, or printed,",0.3,0,per centum ad val,,,,"Schedule I: valued at over twelve cents per square yard, there shall be levied, collected, and paid a duty of thirty per centum ad valorem.",30%,,,,,,,,,,,,,,,NA,,2953
1504,1930,0821 100,"Animal and fish oils, fats, and greases, n.e.s.: Animal fats, and greases, n.s.p.f. (specify by name).    ",0.2,0,,,NA,NA,NA,20% +,NA,NA,NA,NA,NA,NA,NA,NA,NA,NA,NA,NA,NA,NA,NA,NA,10234
2836,1894,,Bicarbonate of soda or supercarbonate of soda or saleratus,0,0.5,per pound,,,,Schedule A,0.5 cents,,,,,,,,,,,,,,,NA,,2653
1209,1931,2405 000,Grass and other forage crop seeds: Clover: Sweet    ,0,4,lb,,NA,NA,NA,4¢ lb,NA,NA,NA,NA,NA,NA,NA,NA,NA,NA,NA,NA,NA,NA,NA,NA,16127
4911,1932,9530 720,"All other lithographic prints, etc.: Exceeding 0.012, not exceeding 0.02 inch in thickness, in dimensions: Less than 35 square inches: Die-cut or embossed    ",0,15.75,lb,,NA,NA,NA,15.75¢ lb,NA,NA,NA,NA,NA,NA,NA,NA,NA,NA,NA,NA,NA,NA,NA,NA,24274
706,1930,,Vegetables in their natural state: crude horseradish,0,3,per pound,,,,Schedule 7,3 cents,,,,,,,,,,,,,,,NA,,8839
8101,1930,6233 200,"Tungsten and combinations, in lumps, grains, or powder: Tungsten carbide (tungsten content)    ",0.5,60,lb ,,NA,NA,NA,60¢ lb + 50%,NA,NA,NA,NA,NA,NA,NA,NA,NA,NA,NA,NA,NA,NA,NA,NA,14705
407,1933,0090 000,Eggs of poultry: Whole: Dried (T.D. 44997)    ,0,27,lb (Sec. 336).,,NA,NA,NA,27¢ lb (Sec. 336).,NA,NA,NA,NA,NA,NA,NA,NA,NA,NA,NA,NA,NA,NA,NA,NA,25266
1509,1897,,Olive oil,0,40,per gallon,,,,"Schedule A: not specially provided for in this Act,",40 cents,"in bottles, jars, tins, or similar packages",50 cents,,,,,,,,,,,,,NA,,3623
1802,1930,9850 909,"Waste, n.s.p.f.: Other (Include mixed materials consisting of shells, dust, and particles of cocoa beans containing recoverable fat) (See 1119 900, 1501 500 and 1502 100) Duty on metallic substances as waste suspended from March 14, 1942 to June 30, 1949 and from October 1, 1950 to June 30, 1951, Public Law 497 (77th Congress), Public Law 384 and 613 (80th Congress) and Public Law 869 (81st Congress) (T.D. 51941), (T.D. 52656) further extended through June 30, 1952, Public Law 66 (82nd Congress) (T.D. 52740)   ",0.1,0,,,NA,NA,NA,10%,NA,NA,NA,NA,NA,NA,NA,NA,NA,NA,NA,NA,NA,NA,NA,NA,14373
8509,1931,7090 510,"Table, household, kitchen, and hospital utensils, and similar hollow or flatware n.s.p.f., containing electrical heating elements: Iron or steel, enameled or glazed with vitreous glasses    ",0.3,5,lb ,,NA,NA,NA,5¢ lb + 30%,NA,NA,NA,NA,NA,NA,NA,NA,NA,NA,NA,NA,NA,NA,NA,NA,19917
7302,1883,,"Steel railway-bars and railway-bars made in part of steel, weighing more than twenty-five pounds to the yard",0,1700,per pound,,,,Schedule C,17 dollars,,,,,,,,,,,,,,,NA,,1820
7228,1934,6250 800,Silico-spiegel    ,0.25,0,,,NA,NA,NA,25%,NA,NA,NA,NA,NA,NA,NA,NA,NA,NA,NA,NA,NA,NA,NA,NA,33411
307,1934,0087 000,"Clams, quahags, not in airtight containers: Fresh or frozen    ",0,0,,,NA,NA,NA,Free,NA,NA,NA,NA,NA,NA,NA,NA,NA,NA,NA,NA,NA,NA,NA,NA,30366
7419,1932,6416 100 128661,"Copper and manufactures: Unrefined, black, blister, and converter, in pigs or converter bars: Copper content    ",0,4,lb I.R.C.,,NA,NA,NA,4¢ lb I.R.C.,NA,NA,NA,NA,NA,NA,NA,NA,NA,NA,NA,NA,NA,NA,NA,NA,23225
5205,1930,3020 080,"Cotton yarn (including warps):Bleached, dyed, colored, combed, or plied: No. 80 (specify exact yarn number)    ",0.34,0,,,NA,NA,NA,34%,NA,NA,NA,NA,NA,NA,NA,NA,NA,NA,NA,NA,NA,NA,NA,NA,11161
7117,1934,6845 800,"Jewelry and metal articles and parts valued over 20 cents per dozen, to be worn on apparel or carried on or about or attached to the person: Other than gold or platinum (whether or not enameled or plated, or set with precious or semiprecious stones or imitations): Jewelry and parts: Valued over $5 per dozen pieces, n.e.s.: Brooches and clips    ",0,0,,,NA,NA,NA,NA,NA,NA,NA,NA,NA,NA,NA,NA,NA,NA,NA,NA,NA,NA,NA,NA,35203
7018,1932,9700 000,Beads and fabrics and articles of beads: Beads (including bugles and spangles): Imitation pearl: Hollow or filled    ,0.6,0,,,NA,NA,NA,60%,NA,NA,NA,NA,NA,NA,NA,NA,NA,NA,NA,NA,NA,NA,NA,NA,24469
4911,1934,9530 720,"All other lithographic prints, etc.: Exceeding 0.012, not exceeding 0.02 inch in thickness, in dimensions: Less than 35 square inches: Die-cut or embossed    ",0,15.75,lb,,NA,NA,NA,15.75¢ lb,NA,NA,NA,NA,NA,NA,NA,NA,NA,NA,NA,NA,NA,NA,NA,NA,34496
6309,1932,3643 450,"Articles of wool (except apparel), in part of lace: Containing hand-made lace but no machine-made material ог article provided for in paragraph 1529 (a): If all the lace is over 2 inches wide and the articles are: Valued $150 or more per pound (from 3643 100)    ",0,0,,,NA,NA,NA,NA,NA,NA,NA,NA,NA,NA,NA,NA,NA,NA,NA,NA,NA,NA,NA,NA,21850
7102,1897,,"Diamonds and other precious stones, rough or uncut",0,0,,,,,Free,0,,,,,,,,,,,,,,,NA,,4543
5510,1930,,"Spun yarn of rayon or other synthetic textile, if singles",0.45,12.5,per pound,per centum ad val,,,Schedule 13,12.5 cents and 45%,,,,,,,,,,,,,,,NA,,9115
7317,1931,6790 860,"Manufactures of metals, n.e.s.: Nails, not of iron or steel, n.s.p.f.    ",0.45,0,,,NA,NA,NA,45%,NA,NA,NA,NA,NA,NA,NA,NA,NA,NA,NA,NA,NA,NA,NA,NA,18282
3504,1931,0932 000,"Gelatin, inedible: Valued less than 40 cents per pound (T.D. 45862).    ",0,2.5,lb ,,NA,NA,NA,2.5¢ lb + 20% (Sec. 336).,NA,NA,NA,NA,NA,NA,NA,NA,NA,NA,NA,NA,NA,NA,NA,NA,15394
9503,1894,,"Dolls, doll heads, toy marbles of whatever material composed",0.25,0,per pound,,,,"Schedule N: and all other toys not composed of rubber, china, porcelain, parian, bisque, earthen or stone ware,",25%,,,,,,,,,,,,,,,NA,,3080
7315,1894,,"Chains of all kinds, made of iron or steel; valued at more than one dollar per dozen and not exceeding one dollar and fifty cents per dozen",0,40,per pound,,,,Schedule C,40 cents,,,,,,,,,,,,,,,NA,,2770
9108,1931,9560 140,"Watches and watch movements, and timekeeping, measuring, or indicating mechanisms, devices, and instruments, whether or not designed to be worn or carried on or about the person, less than 1.77 inches wide, whether or not in cases, etc., with or without dials: (Specify ligne size) (A ligne = 0.088814 inch) Having more than 1, but not more than 7 jewels: More than 0.8, not more than 0.9 inch wide    ",0,200,,,NA,NA,NA,$2 ea,NA,NA,NA,NA,NA,NA,NA,NA,NA,NA,NA,NA,NA,NA,NA,NA,19230
5112,1934,3608 330,"Woven fabrics (except pile): Worsteds and woolens, n.e.s. of wool, mohair, or other hair: Weighing over 4 ounces per square yard: (FN1) Valued over $2, not over $4 per pound: Over 6 ounces, not over 8 ounces per square yard (formerly part of 3608 300) 1.5 square yards equals 1 linear yard (approximately) The United States reserves the right to increase the ad valorem part part of the rate applicable to any of the fabrics provided in paragraphs 1108 or 1109 (a) of the Tariff Act of 1930 to 45 percentum ad valorem on any of such fabrics which are entered in any calendar year in excess of an aggregate quantity by weight of 5 per centum of the average annual production of similar fabrics in the United States during the 3 immediately preceding calendar years (T.D. 51802)  ",0,0,,,NA,NA,NA,NA,NA,NA,NA,NA,NA,NA,NA,NA,NA,NA,NA,NA,NA,NA,NA,NA,32011
102,1894,,"Stray Cattle, horses, sheep, or other domestic animals",0,0,,,,,"Free List: Cattle, horses, sheep, or other domestic animals which have strayed across the boundary line into any foreign country, or have been or may be driven across such boundary line by the owner for pasturage purposes, together with their increase, may be brought back to the United States free of duty under regulations to be prescribed by the Secretary of the Treasury.",0,,,,,,,,,,,,,,,NA,,3157
301,1931,0050 000,"Fish: Fresh or frozen: Whole, or beheaded, or eviscerated, or both: Salmon    ",0,2,lb,,NA,NA,NA,2¢ lb,NA,NA,NA,NA,NA,NA,NA,NA,NA,NA,NA,NA,NA,NA,NA,NA,14971
5105,1934,3698 100 128661,Animal hair: Manufactures: Press cloth: Of camel's hair    ,0,25,lb min,,NA,NA,NA,25¢ lb min,NA,NA,NA,NA,NA,NA,NA,NA,NA,NA,NA,NA,NA,NA,NA,NA,32111
9305,1934,6004 500,"Hammer, roll, and mill scale: Containing dutiable alloy (gross weight)    ",0,75,ton,,NA,NA,NA,75¢ ton,NA,NA,NA,NA,NA,NA,NA,NA,NA,NA,NA,NA,NA,NA,NA,NA,33019
602,1930,,"Plants, trees, shrubs, roots, seed cane, seeds, and other material for planting, imported by the Department of Agriculture or the United States Botanic Garden",0,0,,,,,Schedule 16: Free,0,,,,,,,,,,,,,,,NA,,9659
1703,1790,,molasses,0,3,per gallon,,,,,3 cents,,,,,,,,,,,,,,,NA,,75
3915,1932,8250 500,"Cellulose products, n.e.s.: Cellulose acetate, and compounds, combinations, or mixtures: (In blocks, sheets, rods, tubes, powders, flakes, briquets, or other forms, and waste not made into finished or partly finished articles): Sheets 25¢ lb when wholly or in chief value of acrylic resin (par 1559) (T.D. 51802) Reported with supplemental 5   ",0,50,lb,,NA,NA,NA,50¢ lb,NA,NA,NA,NA,NA,NA,NA,NA,NA,NA,NA,NA,NA,NA,NA,NA,25086
4421,1930,,"Posts, railroad ties, and telephone, trolley, electriclight, and telegraph poles of cedar or other woods",0,0,,,,,Schedule 16: Free,0,,,,,,,,,,,,,,,NA,,9752
1702,1933,1610 800,"Cane sugar testing by the polariscope, not above (T.D. 47040): 80° This concession shall be effective only during such times as Title II of the Sugar Act of 1948 or substantially equivalent legislation is in effect in the United States, whether or not the quotas, or any of them, authorized by such legislation, are being applied or are suspended.   ",0,0,,,NA,NA,NA,NA,NA,NA,NA,NA,NA,NA,NA,NA,NA,NA,NA,NA,NA,NA,NA,NA,25988
6907,1933,5380 530 128661,Earthen tiles: Floor and wall tiles: Ceramic mosaics: Valued not over 40 cents per square foot    ,0,0,,,NA,NA,NA,NA,NA,NA,NA,NA,NA,NA,NA,NA,NA,NA,NA,NA,NA,NA,NA,NA,27740
3302,1934,8380 971,"Other industrial chemicals: Chemical elements, compounds, mixtures, and salts, n.s.p.f.: Containing alcohol: More than 20 and not more than 50 percent    ",0.25,40,lb ,,NA,NA,NA,40¢ lb + 25%,NA,NA,NA,NA,NA,NA,NA,NA,NA,NA,NA,NA,NA,NA,NA,NA,34160
4901,1922,,"Professional books, implements, instruments, and tools of trade, occupation, or employment in the actual possession of persons emigrating to the United States owned and used by them abroad; but this exemption shall not be construed to include machinery or other articles imported for use in any manufacturing establishment, or for any other person or persons, or for sale, nor shall it be construed to include theatrical scenery, properties, and apparel; but such articles brought by proprietors or managers of theatrical exhibitions arriving from abroad, for temporary use by them in such exhibitions, and not for any other person, and not for sale, and which have been used by them abroad, shall be admitted free of duty under such regulations as the Secretary of the Treasury may prescribe; but bonds shall be given for the payment to the United States of such duties as may be imposed by law upon any and all such articles as shall not be exported within six months after such importation",0,0,,,,,"Free: Provided, That the Secretary of the Treasury may, in his discretion, extend such period for a further term of six months in case application shall be made therefor",0,,,,,,,,,,,,,,,NA,,7576
8433,1930,7890 020,Horserakes (hayrakes) (include tedders)    ,0,0,,,NA,NA,NA,Free,NA,NA,NA,NA,NA,NA,NA,NA,NA,NA,NA,NA,NA,NA,NA,NA,13353
9109,1933,9550 620,"Clocks and clock movements, and clock parts (including watch movements 1.77 inches or more wide): Parts of clocks and clock movements: Valued not more than $1.10 each: Pillar or bottom plates: 1.77 inches or more but not over 2 inches in width: More than 4 jewels    ",0.325,27.5,ea ,,NA,NA,NA,27.5¢ ea + 32.5%,NA,NA,NA,NA,NA,NA,NA,NA,NA,NA,NA,NA,NA,NA,NA,NA,29410
2714,1933,5078 100,"Petroleum liquid asphalt, including cutbacks and road oil Bound free in the United Kingdom and Mexico Trade Agreements, when free for supplies of vessels and aircraft, under the provisions of Section 3451, Internal Revenue Code.   ",0,0,,,NA,NA,NA,NA,NA,NA,NA,NA,NA,NA,NA,NA,NA,NA,NA,NA,NA,NA,NA,NA,29939
4303,1931,0400 127,"Gloves wholly or in chief value of leather: Women's and children's: Not over 12 inches in length: Not trimmed with fur: Lined with leather or fur: Machine seamed, not overseamed    ",0,1150,,,NA,NA,NA,$11.50 doz pr,NA,NA,NA,NA,NA,NA,NA,NA,NA,NA,NA,NA,NA,NA,NA,NA,15167
9114,1930,9590 051,"Parts of clockwork mechanisms: Plates suitable for assembling clockwork mechanisms, etc., with or without assemblies attached, etc.: Valued more than $2.25, not more than $5 each: Time switches    ",0.325,75,ea ,,NA,NA,NA,75¢ ea + 32.5%,NA,NA,NA,NA,NA,NA,NA,NA,NA,NA,NA,NA,NA,NA,NA,NA,14219
2805,1933,8350 330,Sodium compounds: Hydroxide (caustic soda)    ,0,0.5,lb,,NA,NA,NA,0.5¢ lb,NA,NA,NA,NA,NA,NA,NA,NA,NA,NA,NA,NA,NA,NA,NA,NA,28935
1702,1933,1610 990,"Cane sugar testing by the polariscope, not above (T.D. 47040): 99°    ",0,0,,,NA,NA,NA,NA,NA,NA,NA,NA,NA,NA,NA,NA,NA,NA,NA,NA,NA,NA,NA,NA,26007
604,1930,4594 000,Pulpwoods: Rossed: Spruce    ,0,0,,,NA,NA,NA,Free,NA,NA,NA,NA,NA,NA,NA,NA,NA,NA,NA,NA,NA,NA,NA,NA,12031
8716,1894,,"Hubs for wheels, posts, last blocks, wagon blocks, oar blocks,gun blocks, heading, and all like blocks or sticks, rough hewnor sawed only.",0,0,,,,,Free List,0,,,,,,,,,,,,,,,NA,,3520
7013,1931,5220 210,Plate glass by whatever process made: Containing a wire netting: Over 384 and not over 720 square inches    ,0,20,sq ft,,NA,NA,NA,20¢ sq ft,NA,NA,NA,NA,NA,NA,NA,NA,NA,NA,NA,NA,NA,NA,NA,NA,17378
3210,1930,,"(a) Paints, colors, and pigments, commonly known as artists', school, students', or children's paints or colors: (4) in bulk, or in any form exceeding one and one-half pounds net weight each",0,8.25,per ounce,,,,Schedule 1,8.25 cents,,,,,,,,,,,,,,,NA,,7862
7315,1930,6200 480,"Other advanced manufactures: Chains and parts: Other chains: Less than 0.375, not less than 0.3125 inch in diameter    ",0,2.125,lb,,NA,NA,NA,2.125¢ lb,NA,NA,NA,NA,NA,NA,NA,NA,NA,NA,NA,NA,NA,NA,NA,NA,12889
5208,1932,3056,"Cotton cloth: Bleached: In chief value of cotton, containing silk, rayon, or other synthetic textile: Woven with 8 or more harnesses, or with Jacquard, lappet, or swivel attachments (Return with terminal numbers indicating the average yarn number, e. g. 3056 001, 3056 010, 3056 110)    ",0.1,0,,,NA,NA,NA,10% additional + 5% additional,NA,NA,NA,NA,NA,NA,NA,NA,NA,NA,NA,NA,NA,NA,NA,NA,21451
3507,1931,0979 500,Rennet    ,0,0,,,NA,NA,NA,Free,NA,NA,NA,NA,NA,NA,NA,NA,NA,NA,NA,NA,NA,NA,NA,NA,15424
8104,1931,8312 400,Magnesium compounds: Oxide or calcined magnesia    ,0,7,lb,,NA,NA,NA,7¢ lb,NA,NA,NA,NA,NA,NA,NA,NA,NA,NA,NA,NA,NA,NA,NA,NA,18677
9108,1933,9560 050,"Watches and watch movements, and timekeeping, measuring, or indicating mechanisms, devices, and instruments, whether or not designed to be worn or carried on or about the person, less than 1.77 inches wide, whether or not in cases, etc., with or without dials: (Specify ligne size) (A ligne = 0.088814 inch) Without jewels, or having only 1 jewel: More than 0.6, not more than 0.8 inch wide    ",0,135,,,NA,NA,NA,$1.35 ea,NA,NA,NA,NA,NA,NA,NA,NA,NA,NA,NA,NA,NA,NA,NA,NA,29440
2833,1934,8380 150,"Other industrial chemicals: Aluminum compounds: Sulphate, alum cake or aluminous cake, containing: Over 15 percent of alumina or not more iron than 0.1 percent of ferric oxide Only aluminum sulphate specified in GATT (T.D. 51802)   ",0,0.375,lb,,NA,NA,NA,0.375¢ lb,NA,NA,NA,NA,NA,NA,NA,NA,NA,NA,NA,NA,NA,NA,NA,NA,34083
4421,1930,4108 000,"Sawed boards, planks, deals, and sawed timber, n.e.s.: Softwood, n.e.s.: Larch (include hackmatack)    ",0,100,,,NA,NA,NA,$1 M bd ft + $3 M bd ft I.R.C.,NA,NA,NA,NA,NA,NA,NA,NA,NA,NA,NA,NA,NA,NA,NA,NA,11943
2008,1932,1330 230,"Berries: Otherwise prepared or preserved, n.s.p.f.: Other    ",0.35,0,,,NA,NA,NA,35%,NA,NA,NA,NA,NA,NA,NA,NA,NA,NA,NA,NA,NA,NA,NA,NA,24649
1503,1933,0036 200 128661,Oleo oil    ,0,I.R.C,,,NA,NA,NA,I.R.C,NA,NA,NA,NA,NA,NA,NA,NA,NA,NA,NA,NA,NA,NA,NA,NA,25129
